img_id,img_date,img_name,img_user,img_status
40,15-03-2014 11:40:22,2431_p22.jpg,1,0
39,15-03-2014 11:40:22,2431_p20.jpg,1,0
41,16-10-2014 06:52:52,2600_Welcome Scan.jpg,359,0
42,16-05-2016 03:51:02,2964_Logo MOL-02.jpg,458,0
43,14-05-2022 11:58:43,18374_original-1523621078968.jpg,11802,0
44,12-06-2023 10:02:07,27727_logoโมเดอน เจาะใส 3 (หัวอักษรเจาะใส).png,11802,0
45,06-07-2023 11:19:20,27734_Rotary Logo_EN21 (6).png,11802,0
46,20-12-2023 21:40:01,27775_Z10BC.png,21608,0
47,19-03-2025 17:17:42,27891_D3350.png,21608,0
48,19-03-2025 17:23:58,27892_D3350 - Copy.png,21608,0
49,24-05-2025 16:25:48,27902_RCBC.jpeg,21608,0

