id,user_id,pic,doc_type
14,14,e11943a6031a0e6114ae69c257617980.jpg,3
13,14,9aa42b31882ec039965f3c4923ce901b.jpg,2
12,14,54072f485cdb7897ebbcaf7525139561.jpg,1
16,30,b1f62fa99de9f27a048344d55c5ef7a6.jpg,1
17,30,9cb9ed4f35cf7c2f295cc2bc6f732a84.jpg,2
18,30,0cd60efb5578cd967c3c23894f305800.jpg,3
19,42,e3b0ab92511ce1f46960bed57f65f532.jpg,1
20,42,44b422a6d1df1d47db5d50a8d0aaca5d.jpg,1
21,42,74d90aafda34e6060f9e8433962d14fd.jpg,2
22,42,dd1016d687d5960a8f279198a94d0cc5.jpg,3
23,42,872dd316eb8a432cbc63f141e2d68ded.jpg,1
24,42,76c538125fc5c9ec6ad1d05650a57de5.jpg,1
25,75,1e44fdf9c44d7328fecc02d677ed704d.JPG,1
26,75,161c5c5ad51fcc884157890511b3c8b0.JPG,1
27,75,760abe2f7ea403a5c8ac329f72e4d42e.JPG,1
28,60,e3b80d30a727c738f3cff0941f6bc55a.jpg,1
30,60,b075703bbe07a50ddcccfaac424bb6d9.jpg,2
31,94,e9074df9d70cb6f30fa378e92edbb490.jpg,2
32,94,7f9bcc33944cd0718a62665e934f7653.jpg,3
36,95,97f832f6f334d64de3e89769806e56b8.JPG,2
37,102,a59afb1b7d82ec353921a55c579ee26d.jpg,2
35,95,a133710cb2bedc27da8daaadb931553b.JPG,3
38,102,115c51eb37365df2d4f4e2482b964822.jpg,1
39,95,58d2f92539a5492fe6ef1e7375c6e9b6.php,1
40,103,65a5e77645ee9f1918165a0a8c503297.pdf,1
41,103,7684e5225ab986f6b32ed950eec5621d.pdf,2
42,123,8542516f8870173d7d1daba1daaaf0a1.pdf,2
43,123,e4c4e24edd254bb81fc6e3fe7a1a5dd4.pdf,3
44,127,b26be92d375bc16823077bd874693e9c.jpg,2
45,127,a2a4586d331fbefea6da14912c234f59.jpg,3
46,123,f3bb06607732c34aecec5683f27d2fcd.jpg,2
51,234,8eef9fa83d74d0c0b81a6be7842ce67d.jpeg,2
48,234,c1670d186ae57f7f64df94173fa02c42.png,3
53,234,358eabeadbcb172e3e49ac722b445fea.jpeg,2
55,234,468171c825c02408cc99935447c785a5.jpeg,2
57,263,48e3e457e80b2cf856688ab6280c0d56.pdf,1
58,263,7ea7fde02e53834cf198b5ff640e0d18.pdf,1
59,263,edc3ee4d3d7407248d6acf00414d7772.pdf,2
60,263,ac596866c319dc8ac9d108a4f3da2fc3.pdf,3
62,123,ae6e334f62fb5d989398deed87568c94.php,2
63,123,0433e3038e208089eb74b7d9c8f5725f.php,2
64,123,2f3680790ac607007e3443a317871dd5.rar,2
65,123,0b896b55f96acbc46c6a443acd5da879.rar,2
66,123,bf15e9bbff22c7719020f9df4badc20a.php,2
67,123,0b2978ae0ca8efbfbf5af006bd7b4298.php,2
68,123,3a098b02e2d67a733c661fa9bfbe89ec.php,2
69,123,6c14da109e294d1e8155be8aa4b1ce8e.php,0
70,325,414c9626ffcaf80a72e69de63d2f7487.jpg,1
71,325,e8660ee8b41231074f2d9f16adb2ea71.pdf,2
72,325,80e0f2352f868abb3e8fe7238c6103ac.jpg,3
73,325,b91f491a5ad27382b54abe58f8dd31a3.jpg,1
74,325,4eef0e56a2db6b4950e05778b5351717.JPG,4
85,635,6cc334033408a435db468d5c18d809f7.php,1
84,654,42a94c56a7e5497fd487ed1818a6f0df.php,1
86,635,4877bb3e9660098ef3430b979b58515f.jpg,1
93,712,06baf7a43e5fec20c9a40ab4bacf90db.php,1
95,712,7becc2ad81a4aebd5d3bd4b11bdcae09.php,1
96,712,1b25ea4e3ede6fc047c018cb9b5ddc8b.php,1
99,694,c5a1c2cefff03f5cdc46ebff8c74af74.png,4
98,712,92a9788422b219fa59a82b363da5fbfb.png,4
100,692,acffa4067af947f6d28b8fe04ed36aac.png,4
101,669,1c96a77a19bb6b1e6c93e92e4d7062b7.png,4

